"","category","subcategory","ID","Description","GeneRatio","BgRatio","pvalue","p.adjust","qvalue","geneID","Count"
"ko04080","Environmental Information Processing","Signaling molecules and interaction","ko04080","Neuroactive ligand-receptor interaction","52/300","331/14065",1.79153743441374e-30,6.05539652831843e-28,4.71457219582562e-28,"K04010/K04130/K04136/K04137/K04138/K04139/K04140/K04141/K04142/K04144/K04145/K04146/K04150/K04151/K04152/K04210/K04211/K04212/K04213/K04214/K04215/K04216/K04217/K04218/K04260/K04261/K04270/K04320/K04810/K05200/K05202/K05203/K05204/K05205/K05206/K05210/K05211/K05212/K05213/K05214/K05215/K05216/K05217/K05218/K05219/K05220/K05221/K05222/K05223/K05224/K05225/K05226",52
"ko04020","Environmental Information Processing","Signal transduction","ko04020","Calcium signaling pathway","26/300","198/14065",1.04485148337223e-13,1.76579900689907e-11,1.37480458338451e-11,"K04130/K04136/K04137/K04141/K04142/K04144/K04150/K04211/K04260/K04360/K04960/K04961/K04962/K05100/K05210/K05211/K05212/K05213/K05214/K05215/K05216/K05217/K05218/K05219/K05220/K05221",26
"ko04060","Environmental Information Processing","Signaling molecules and interaction","ko04060","Cytokine-cytokine receptor interaction","27/300","274/14065",3.43153980027292e-11,3.86620150830749e-09,3.01012263181835e-09,"K04390/K04662/K04664/K04666/K04670/K04721/K04722/K04723/K05130/K05131/K05132/K05133/K05134/K05140/K05142/K05143/K05145/K05146/K05152/K05160/K05162/K05164/K05165/K05166/K05168/K05416/K05418",27
"ko04724","Organismal Systems","Nervous system","ko04724","Glutamatergic synapse","16/300","89/14065",5.35135323458079e-11,4.52189348322077e-09,3.52062712801368e-09,"K00910/K04371/K04540/K04630/K04960/K04964/K05200/K05202/K05203/K05204/K05205/K05210/K05211/K05212/K05213/K05214",16
"ko04024","Environmental Information Processing","Signal transduction","ko04024","cAMP signaling pathway","21/300","172/14065",1.07445683624181e-10,7.2633282129946e-09,5.65503598022003e-09,"K00232/K04130/K04141/K04142/K04144/K04145/K04217/K04218/K04260/K04371/K04392/K04630/K04913/K04962/K05031/K05200/K05210/K05211/K05212/K05213/K05214",21
"ko04217","Cellular Processes","Cell growth and death","ko04217","Necroptosis","13/300","96/14065",1.20665382911889e-07,6.79748323736973e-06,5.29234135578459e-06,"K00261/K00460/K04390/K04721/K04722/K04724/K04725/K04726/K04727/K05130/K05131/K05132/K05133",13
"ko05034","Human Diseases","Substance dependence","ko05034","Alcoholism","12/300","86/14065",2.66031257858294e-07,1.28455093080148e-05,1.00011751074546e-05,"K00908/K04144/K04145/K04360/K04371/K04540/K04630/K05210/K05211/K05212/K05213/K05214",12
"ko03020","Genetic Information Processing","Transcription","ko03020","RNA polymerase","10/300","66/14065",1.23139790863032e-06,5.0736886527273e-05,3.95024030888142e-05,"K00960/K03008/K03010/K03013/K03015/K03018/K03020/K03022/K03040/K03060",10
"ko05030","Human Diseases","Substance dependence","ko05030","Cocaine addiction","8/300","39/14065",1.35098218563745e-06,5.0736886527273e-05,3.95024030888142e-05,"K04144/K04145/K04630/K05210/K05211/K05212/K05213/K05214",8
"ko04713","Organismal Systems","Environmental adaptation","ko04713","Circadian entrainment","10/300","79/14065",6.58491425500437e-06,0.000222570101819148,0.000173287217236957,"K04371/K04540/K04630/K04960/K04961/K04962/K05200/K05210/K05211/K05212",10
"ko04971","Organismal Systems","Digestive system","ko04971","Gastric acid secretion","8/300","50/14065",9.61721561434526e-06,0.000295510807058973,0.000230076928572853,"K04150/K04218/K04630/K04913/K04920/K04926/K04960/K05031",8
"ko05033","Human Diseases","Substance dependence","ko05033","Nicotine addiction","6/300","27/14065",1.81717799037092e-05,0.00051183846728781,0.000398503945256781,"K05200/K05210/K05211/K05212/K05213/K05214",6
"ko04742","Organismal Systems","Sensory system","ko04742","Taste transduction","7/300","41/14065",2.25973604109237e-05,0.000587531370684016,0.000457436445565257,"K04270/K04624/K04626/K04916/K04960/K05216/K05217",7
"ko04650","Organismal Systems","Immune system","ko04650","Natural killer cell mediated cytotoxicity","10/300","94/14065",3.11839382951485e-05,0.000752869367411443,0.000586164253668205,"K04371/K04390/K04392/K04721/K04722/K04726/K05130/K05131/K05132/K05133",10
"ko04350","Environmental Information Processing","Signal transduction","ko04350","TGF-beta signaling pathway","10/300","96/14065",3.74734496094136e-05,0.000844401731198786,0.000657428940516028,"K04371/K04650/K04657/K04658/K04660/K04662/K04664/K04666/K04668/K04670",10
"ko05031","Human Diseases","Substance dependence","ko05031","Amphetamine addiction","7/300","46/14065",4.91106056299737e-05,0.0010374615439332,0.0008077402241772,"K04144/K05200/K05210/K05211/K05212/K05213/K05214",7
"ko04022","Environmental Information Processing","Signal transduction","ko04022","cGMP-PKG signaling pathway","11/300","121/14065",5.50955694308423e-05,0.0010954295569191,0.000852872591808705,"K04136/K04137/K04138/K04139/K04140/K04141/K04142/K04213/K04371/K04630/K04960",11
"ko04621","Organismal Systems","Immune system","ko04621","NOD-like receptor signaling pathway","12/300","145/14065",6.41952746850088e-05,0.00118850205623096,0.000925336387598068,"K04371/K04612/K04622/K04725/K04960/K04971/K04977/K05130/K05131/K05220/K05230/K05410",12
"ko04071","Environmental Information Processing","Signal transduction","ko04071","Sphingolipid signaling pathway","9/300","83/14065",6.68092871845805e-05,0.00118850205623096,0.000925336387598068,"K01110/K04213/K04371/K04392/K04630/K04710/K04712/K04714/K04726",9
"ko04972","Organismal Systems","Digestive system","ko04972","Pancreatic secretion","8/300","69/14065",0.000105484877904483,0.00177122725900644,0.00137903087745752,"K04392/K04926/K04960/K04962/K04964/K05030/K05031/K05226",8
"ko00600","Metabolism","Lipid metabolism","ko00600","Sphingolipid metabolism","7/300","52/14065",0.00011004666402111,0.00177122725900644,0.00137903087745752,"K00720/K01130/K04710/K04711/K04712/K04713/K04714",7
"ko04210","Cellular Processes","Cell growth and death","ko04210","Apoptosis","10/300","110/14065",0.000119869358454105,0.00184162923443125,0.00143384400064719,"K04371/K04390/K04721/K04722/K04724/K04725/K04726/K04727/K04728/K04960",10
"ko04725","Organismal Systems","Nervous system","ko04725","Cholinergic synapse","9/300","90/14065",0.000126038493769618,0.00185221786496222,0.00144208802940067,"K00623/K04130/K04371/K04540/K04630/K04926/K04927/K04930/K04960",9
"ko04261","Organismal Systems","Circulatory system","ko04261","Adrenergic signaling in cardiomyocytes","9/300","99/14065",0.000261403034794032,0.00368142607334928,0.00286626134642579,"K04136/K04137/K04141/K04142/K04371/K04630/K04913/K04926/K04962",9
"ko04620","Organismal Systems","Immune system","ko04620","Toll-like receptor signaling pathway","8/300","80/14065",0.000298719666093959,0.00403868988559033,0.00314441753783115,"K04371/K04391/K04392/K04730/K05130/K05131/K05410/K05416",8
"ko05164","Human Diseases","Infectious disease: viral","ko05164","Influenza A","10/300","128/14065",0.000414244578602266,0.00522579903451502,0.0040686694444994,"K04371/K04390/K04721/K04722/K04726/K05130/K05131/K05132/K05133/K05410",10
"ko04728","Organismal Systems","Nervous system","ko04728","Dopaminergic synapse","8/300","84/14065",0.000417445485005638,0.00522579903451502,0.0040686694444994,"K04144/K04145/K04146/K04540/K04630/K04960/K05200/K05210",8
"ko04750","Organismal Systems","Sensory system","ko04750","Inflammatory mediator regulation of TRP channels","7/300","68/14065",0.000596435777877146,0.0071998318900884,0.00560559941613859,"K04261/K04723/K04960/K04971/K04972/K04973/K05222",7
"ko04924","Organismal Systems","Endocrine system","ko04924","Renin secretion","6/300","50/14065",0.000646487504209513,0.00753492332492466,0.00586649277867071,"K04141/K04142/K04261/K04630/K04960/K05030",6
"ko05017","Human Diseases","Neurodegenerative disease","ko05017","Spinocerebellar ataxia","9/300","116/14065",0.000840427696990196,0.00946881871942287,0.00737217278061575,"K03030/K04960/K04961/K04966/K05210/K05211/K05212/K05213/K05214",9
"ko04540","Cellular Processes","Cellular community - eukaryotes","ko04540","Gap junction","6/300","60/14065",0.00170509622735137,0.0185910491885408,0.0144745010810813,"K04141/K04144/K04145/K04371/K04630/K04960",6
"ko04936","Human Diseases","Endocrine and metabolic disease","ko04936","Alcoholic liver disease","8/300","105/14065",0.00181793882303697,0.019201978818328,0.0149501547947119,"K00232/K04010/K04390/K04391/K04730/K05164/K05166/K05410",8
"ko04720","Organismal Systems","Nervous system","ko04720","Long-term potentiation","5/300","43/14065",0.00211627181643865,0.0215734358147634,0.0167965087315193,"K04371/K04960/K05210/K05211/K05212",5
"ko04726","Organismal Systems","Nervous system","ko04726","Serotonergic synapse","7/300","85/14065",0.00223393566129207,0.0215734358147634,0.0167965087315193,"K00460/K04371/K04520/K04540/K04630/K04960/K04964",7
"ko05142","Human Diseases","Infectious disease: parasitic","ko05142","Chagas disease","7/300","85/14065",0.00223393566129207,0.0215734358147634,0.0167965087315193,"K04371/K04390/K04630/K04724/K04730/K05132/K05133",7
"ko04970","Organismal Systems","Digestive system","ko04970","Salivary secretion","6/300","64/14065",0.00237874688246079,0.0223337901742152,0.0173885006027836,"K04136/K04137/K04141/K04142/K04960/K04975",6
"ko05170","Human Diseases","Infectious disease: viral","ko05170","Human immunodeficiency virus 1 infection","10/300","163/14065",0.00262221766591384,0.0239543127318616,0.0186501967703687,"K04371/K04390/K04392/K04540/K04630/K04726/K04728/K04730/K04960/K05410",10
"ko05163","Human Diseases","Infectious disease: viral","ko05163","Human cytomegalovirus infection","11/300","192/14065",0.0027885267897877,0.0247968185714113,0.0193061496195977,"K04260/K04261/K04371/K04390/K04392/K04540/K04630/K04726/K04960/K05134/K05410",11
"ko01524","Human Diseases","Drug resistance: antineoplastic","ko01524","Platinum drug resistance","5/300","46/14065",0.00286117137362438,0.0247968185714113,0.0193061496195977,"K04371/K04390/K04725/K04726/K04728",5
"ko00230","Metabolism","Nucleotide metabolism","ko00230","Purine metabolism","12/300","222/14065",0.00294642683720552,0.0248973067743867,0.0193843870868784,"K00073/K00364/K00524/K00760/K00860/K00904/K00940/K00942/K00944/K01120/K01522/K01524",12
"ko00564","Metabolism","Lipid metabolism","ko00564","Glycerophospholipid metabolism","8/300","115/14065",0.00321401070453864,0.0264959906861966,0.0206290802601967,"K00550/K00623/K00630/K00650/K00901/K00980/K00981/K01521",8
"ko05167","Human Diseases","Infectious disease: viral","ko05167","Kaposi sarcoma-associated herpesvirus infection","10/300","169/14065",0.00340260979464253,0.0273657468980528,0.0213062495313398,"K04371/K04390/K04392/K04540/K04726/K04960/K05130/K05131/K05132/K05410",10
"ko00910","Metabolism","Energy metabolism","ko00910","Nitrogen metabolism","6/300","69/14065",0.00348144117342092,0.0273657468980528,0.0213062495313398,"K00260/K00261/K00360/K00361/K00362/K00531",6
"ko05145","Human Diseases","Infectious disease: parasitic","ko05145","Toxoplasmosis","7/300","95/14065",0.00417822529239608,0.0320963670188608,0.0249893857200723,"K04371/K04630/K04725/K04730/K05132/K05133/K05134",7
"ko05168","Human Diseases","Infectious disease: viral","ko05168","Herpes simplex virus 1 infection","9/300","149/14065",0.00468162979807993,0.035164241594467,0.0273779520355551,"K04390/K04726/K04730/K05130/K05131/K05132/K05133/K05152/K05410",9
"ko01232","Metabolism","Global and overview maps","ko01232","Nucleotide metabolism","8/300","123/14065",0.00483862485556447,0.0355533739387129,0.0276809202263414,"K00364/K00524/K00760/K00904/K00940/K00942/K00944/K00945",8
"ko05020","Human Diseases","Neurodegenerative disease","ko05020","Prion disease","11/300","209/14065",0.00529280088597688,0.0380631212651103,0.0296349433705313,"K03030/K04371/K04392/K04960/K04961/K04962/K05210/K05211/K05212/K05213/K05214",11
"ko01200","Metabolism","Global and overview maps","ko01200","Carbon metabolism","16/300","367/14065",0.0055477558329966,0.0390654473240178,0.0304153280317796,"K00030/K00051/K00140/K00195/K00196/K00232/K00240/K00261/K00281/K00600/K00625/K00627/K00640/K00830/K01053/K01100",16
"ko05022","Human Diseases","Neurodegenerative disease","ko05022","Pathways of neurodegeneration - multiple diseases","16/300","368/14065",0.00569102604085344,0.0392564653430299,0.0305640496286436,"K03030/K04371/K04380/K04390/K04392/K04520/K04726/K04960/K04961/K04962/K04966/K05200/K05210/K05211/K05212/K05410",16
"ko04070","Environmental Information Processing","Signal transduction","ko04070","Phosphatidylinositol signaling system","5/300","55/14065",0.00621735759146836,0.0420293373183261,0.0327229346919388,"K00901/K00920/K00981/K01110/K04960",5
"ko04380","Organismal Systems","Development and regeneration","ko04380","Osteoclast differentiation","7/300","104/14065",0.0068360648978796,0.0450322562302422,0.035060928239055,"K04371/K04392/K04960/K05130/K05131/K05132/K05133",7
"ko05152","Human Diseases","Infectious disease: bacterial","ko05152","Tuberculosis","8/300","131/14065",0.00702941944596665,0.0450322562302422,0.035060928239055,"K04011/K04371/K04391/K04726/K04730/K05132/K05133/K05134",8
"ko04657","Organismal Systems","Immune system","ko04657","IL-17 signaling pathway","6/300","80/14065",0.00718864548311588,0.0450322562302422,0.035060928239055,"K04371/K05164/K05165/K05166/K05168/K05410",6
"ko04371","Environmental Information Processing","Signal transduction","ko04371","Apelin signaling pathway","7/300","105/14065",0.00719450247465408,0.0450322562302422,0.035060928239055,"K04371/K04540/K04630/K04960/K04961/K04962/K05225",7
"ko05417","Human Diseases","Cardiovascular disease","ko05417","Lipid and atherosclerosis","9/300","160/14065",0.00739241566181798,0.0454297544308087,0.0353704098651578,"K04371/K04390/K04391/K04392/K04721/K04722/K04726/K04730/K05410",9
"ko05200","Human Diseases","Cancer: overview","ko05200","Pathways in cancer","17/300","417/14065",0.00826379686606936,0.0495336594078809,0.0385656021549991,"K00510/K01110/K04260/K04261/K04350/K04371/K04390/K04392/K04540/K04630/K04662/K04725/K04726/K05130/K05131/K05132/K05133",17
"ko05140","Human Diseases","Infectious disease: parasitic","ko05140","Leishmaniasis","5/300","59/14065",0.00835330942677281,0.0495336594078809,0.0385656021549991,"K04011/K04371/K04730/K05132/K05133",5
"ko00521","Metabolism","Biosynthesis of other secondary metabolites","ko00521","Streptomycin biosynthesis","3/300","21/14065",0.00961219348446303,0.0552511871814216,0.04301711864016,"K00010/K04340/K04341",3
"ko01210","Metabolism","Global and overview maps","ko01210","2-Oxocarboxylic acid metabolism","7/300","111/14065",0.00964443799912388,0.0552511871814216,0.04301711864016,"K00030/K00052/K00053/K00620/K00627/K00830/K00930",7
"ko05160","Human Diseases","Infectious disease: viral","ko05160","Hepatitis C","7/300","112/14065",0.0101054818259206,0.0569275476193529,0.0443222887101782,"K04371/K04390/K04724/K04726/K05130/K05131/K05410",7
"ko05169","Human Diseases","Infectious disease: viral","ko05169","Epstein-Barr virus infection","9/300","172/14065",0.011570221067129,0.0636590274557056,0.0495632415569181,"K03030/K04012/K04390/K04392/K04726/K04730/K05130/K05131/K05410",9
"ko05032","Human Diseases","Substance dependence","ko05032","Morphine addiction","5/300","64/14065",0.0116770997108099,0.0636590274557056,0.0495632415569181,"K00910/K04144/K04215/K04540/K04630",5
"ko04611","Organismal Systems","Immune system","ko04611","Platelet activation","6/300","90/14065",0.012497382666904,0.067049449863707,0.052202935116558,"K04270/K04350/K04371/K04630/K04960/K05215",6
"ko00670","Metabolism","Metabolism of cofactors and vitamins","ko00670","One carbon pool by folate","4/300","43/14065",0.0130278877532547,0.0688035321968763,0.0535686174064748,"K00300/K00600/K00603/K00604",4
"ko01230","Metabolism","Global and overview maps","ko01230","Biosynthesis of amino acids","11/300","239/14065",0.0137310895134818,0.0714016654701053,0.0555914555201692,"K00030/K00052/K00053/K00220/K00290/K00500/K00600/K00620/K00640/K00930/K01523",11
"ko04623","Organismal Systems","Immune system","ko04623","Cytosolic DNA-sensing pathway","5/300","68/14065",0.014909839961183,0.0752168045802965,0.0585618223141518,"K03013/K03018/K03020/K03022/K05410",5
"ko04911","Organismal Systems","Endocrine system","ko04911","Insulin secretion","5/300","68/14065",0.014909839961183,0.0752168045802965,0.0585618223141518,"K04960/K04962/K04979/K05032/K05226",5
"ko04730","Organismal Systems","Nervous system","ko04730","Long-term depression","4/300","45/14065",0.0152180990553814,0.0756429041282193,0.0588935721957485,"K04371/K04630/K04960/K04961",4
"ko04115","Cellular Processes","Cell growth and death","ko04115","p53 signaling pathway","5/300","69/14065",0.015802683616477,0.0774102472807132,0.0602695790102096,"K01110/K04390/K04722/K04726/K04728",5
"ko04923","Organismal Systems","Endocrine system","ko04923","Regulation of lipolysis in adipocytes","4/300","47/14065",0.0176273235446367,0.0851147908298174,0.066268133626454,"K04141/K04142/K04260/K04630",4
"ko04064","Environmental Information Processing","Signal transduction","ko04064","NF-kappa B signaling pathway","6/300","98/14065",0.0183723870681277,0.0874629130848898,0.0680963197484349,"K04391/K04724/K04725/K04728/K04730/K05162",6
"ko05235","Human Diseases","Cancer: overview","ko05235","PD-L1 expression and PD-1 checkpoint pathway in cancer","5/300","73/14065",0.0197288505743597,0.0926159929740775,0.0721083719823088,"K01110/K04350/K04371/K05132/K05133",5
"ko04927","Organismal Systems","Endocrine system","ko04927","Cortisol synthesis and secretion","4/300","54/14065",0.0278612268091557,0.129001296732803,0.100437010847713,"K00513/K04913/K04914/K04960",4
"ko04214","Cellular Processes","Cell growth and death","ko04214","Apoptosis - fly","4/300","56/14065",0.0313163448230388,0.143039520948474,0.11136680235789,"K04371/K04725/K04727/K04728",4
"ko04921","Organismal Systems","Endocrine system","ko04921","Oxytocin signaling pathway","6/300","112/14065",0.0327392955691139,0.147545092031473,0.114874721295137,"K04371/K04630/K04960/K04961/K04962/K04977",6
"ko04630","Environmental Information Processing","Signal transduction","ko04630","JAK-STAT signaling pathway","7/300","143/14065",0.0336482302952016,0.149646076839186,0.116510492711917,"K05130/K05131/K05132/K05133/K05134/K05140/K05418",7
"ko00533","Metabolism","Glycan biosynthesis and metabolism","ko00533","Glycosaminoglycan biosynthesis - keratan sulfate","2/300","14/14065",0.0348464641935377,0.152962401265139,0.119092495534989,"K00780/K04745",2
"ko04010","Environmental Information Processing","Signal transduction","ko04010","MAPK signaling pathway","10/300","243/14065",0.0359091479203422,0.155606307654816,0.121150971391168,"K04350/K04360/K04370/K04371/K04380/K04390/K04391/K04392/K04723/K04730",10
"ko04361","Organismal Systems","Development and regeneration","ko04361","Axon regeneration","4/300","59/14065",0.0369512437237926,0.158095194666353,0.123088753243813,"K00901/K01110/K04392/K05110",4
"ko00220","Metabolism","Amino acid metabolism","ko00220","Arginine biosynthesis","4/300","60/14065",0.0389507831008562,0.163441557130108,0.127251290197842,"K00260/K00261/K00620/K00930",4
"ko05162","Human Diseases","Infectious disease: viral","ko05162","Measles","6/300","117/14065",0.0392547257766289,0.163441557130108,0.127251290197842,"K04390/K04726/K04730/K05130/K05131/K05410",6
"ko00512","Metabolism","Glycan biosynthesis and metabolism","ko00512","Mucin type O-glycan biosynthesis","2/300","15/14065",0.0396515020256475,0.163441557130108,0.127251290197842,"K00710/K00780",2
"ko03420","Genetic Information Processing","Replication and repair","ko03420","Nucleotide excision repair","4/300","61/14065",0.0410110762533142,0.167008961127954,0.130028776960413,"K03008/K03010/K03013/K03015",4
"ko04928","Organismal Systems","Endocrine system","ko04928","Parathyroid hormone synthesis, secretion and action","5/300","89/14065",0.0415809887396558,0.167313978500043,0.130266255450049,"K04371/K04612/K04630/K04960/K04974",5
"ko04613","Organismal Systems","Immune system","ko04613","Neutrophil extracellular trap formation","5/300","90/14065",0.0432917890968764,0.172148526055815,0.134030306801475,"K04010/K04011/K04371/K04392/K05012",5
"ko04934","Human Diseases","Endocrine and metabolic disease","ko04934","Cushing syndrome","6/300","122/14065",0.0465411390569045,0.181971534320561,0.141678242230271,"K00513/K04371/K04630/K04913/K04914/K04960",6
"ko04935","Organismal Systems","Endocrine system","ko04935","Growth hormone synthesis, secretion and action","5/300","92/14065",0.0468388268813277,0.181971534320561,0.141678242230271,"K04217/K04218/K04371/K04630/K04960",5
"ko04925","Organismal Systems","Endocrine system","ko04925","Aldosterone synthesis and secretion","4/300","65/14065",0.0498593856801554,0.191505367726051,0.149101033732522,"K00513/K04914/K04919/K04960",4
"ko04360","Organismal Systems","Development and regeneration","ko04360","Axon guidance","6/300","128/14065",0.0563257431944703,0.21251566287223,0.16545909597651,"K04371/K04392/K04630/K04964/K04966/K05110",6
"ko05010","Human Diseases","Neurodegenerative disease","ko05010","Alzheimer disease","11/300","300/14065",0.0572918268423098,0.21251566287223,0.16545909597651,"K03030/K04371/K04380/K04390/K04520/K04550/K04726/K04960/K05210/K05211/K05212",11
"ko00680","Metabolism","Energy metabolism","ko00680","Methane metabolism","8/300","195/14065",0.0578394309007769,0.21251566287223,0.16545909597651,"K00195/K00196/K00300/K00400/K00440/K00600/K00625/K00830",8
"ko05207","Human Diseases","Cancer: overview","ko05207","Chemical carcinogenesis - receptor activation","6/300","129/14065",0.0580681048356473,0.21251566287223,0.16545909597651,"K04141/K04142/K04371/K04630/K04725/K04810",6
"ko04062","Organismal Systems","Immune system","ko04062","Chemokine signaling pathway","7/300","162/14065",0.0587688851644228,0.21251566287223,0.16545909597651,"K00909/K00910/K04371/K04392/K04540/K04630/K05416",7
"ko01240","Metabolism","Global and overview maps","ko01240","Biosynthesis of cofactors","13/300","375/14065",0.0591019890828095,0.21251566287223,0.16545909597651,"K00072/K00230/K00254/K00300/K00515/K00591/K00600/K00643/K00940/K00941/K00944/K00950/K01053",13
"ko05165","Human Diseases","Infectious disease: viral","ko05165","Human papillomavirus infection","9/300","231/14065",0.0598068986171348,0.212786649816753,0.165670079271842,"K01110/K04261/K04371/K04390/K04659/K04728/K05130/K05131/K05410",9
"ko05418","Human Diseases","Cardiovascular disease","ko05418","Fluid shear stress and atherosclerosis","5/300","99/14065",0.0605768854222826,0.212880525167583,0.16574316814667,"K00510/K04392/K04662/K04670/K04973",5
"ko00290","Metabolism","Amino acid metabolism","ko00290","Valine, leucine and isoleucine biosynthesis","2/300","19/14065",0.0610929317788626,0.212880525167583,0.16574316814667,"K00052/K00053",2
"ko04151","Environmental Information Processing","Signal transduction","ko04151","PI3K-Akt signaling pathway","10/300","268/14065",0.061844328055011,0.213299825332589,0.166069624207871,"K01110/K04130/K04360/K04371/K04392/K04540/K04659/K05130/K05131/K05418",10
"ko05161","Human Diseases","Infectious disease: viral","ko05161","Hepatitis B","6/300","132/14065",0.0634873801930066,0.216754893992285,0.168759649635849,"K04371/K04390/K04726/K04730/K05130/K05410",6
"ko00620","Metabolism","Carbohydrate metabolism","ko00620","Pyruvate metabolism","6/300","133/14065",0.0653579168623123,0.220909758994615,0.171994518058717,"K00051/K00625/K00627/K04020/K04022/K04072",6
"ko00362","Metabolism","Xenobiotics biodegradation and metabolism","ko00362","Benzoate degradation","5/300","106/14065",0.0763678041591381,0.255567503027611,0.198978124437567,"K04110/K04112/K04113/K04114/K04115",5
"ko00562","Metabolism","Carbohydrate metabolism","ko00562","Inositol phosphate metabolism","4/300","76/14065",0.0791161592644181,0.259623901275469,0.202136329239699,"K00010/K00140/K00920/K01110",4
"ko04066","Environmental Information Processing","Signal transduction","ko04066","HIF-1 signaling pathway","4/300","76/14065",0.0791161592644181,0.259623901275469,0.202136329239699,"K00510/K04371/K05132/K05133",4
"ko00510","Metabolism","Glycan biosynthesis and metabolism","ko00510","N-Glycan biosynthesis","3/300","48/14065",0.0824164330317224,0.267853407353098,0.2085436058495,"K00730/K00902/K01230",3
"ko00260","Metabolism","Amino acid metabolism","ko00260","Glycine, serine and threonine metabolism","5/300","109/14065",0.0837544000493197,0.269609402063524,0.209910777065964,"K00130/K00281/K00600/K00643/K00830",5
"ko04915","Organismal Systems","Endocrine system","ko04915","Estrogen signaling pathway","4/300","78/14065",0.0851850488302448,0.271627797213422,0.211482246351154,"K04215/K04371/K04630/K04960",4
"ko05133","Human Diseases","Infectious disease: bacterial","ko05133","Pertussis","4/300","79/14065",0.0883024308514146,0.278936650726899,0.217172727130877,"K04371/K04391/K04630/K04730",4
"ko04929","Organismal Systems","Endocrine system","ko04929","GnRH secretion","3/300","51/14065",0.0948241259468642,0.295033263789653,0.229705125965161,"K04371/K04960/K04964",3
"ko04014","Environmental Information Processing","Signal transduction","ko04014","Ras signaling pathway","7/300","182/14065",0.0951438631747698,0.295033263789653,0.229705125965161,"K04350/K04360/K04371/K04392/K04540/K05210/K05410",7
"ko04550","Cellular Processes","Cellular community - eukaryotes","ko04550","Signaling pathways regulating pluripotency of stem cells","5/300","114/14065",0.0968703085667997,0.297656039050712,0.231747149681339,"K04371/K04662/K04666/K04668/K04670",5
"ko00643","Metabolism","Xenobiotics biodegradation and metabolism","ko00643","Styrene degradation","2/300","25/14065",0.0987060111947541,0.300564250304747,0.234011406341285,"K01040/K01502",2
"ko00790","Metabolism","Metabolism of cofactors and vitamins","ko00790","Folate biosynthesis","4/300","84/14065",0.104693201806633,0.310029217138996,0.24138058014559,"K00072/K00310/K00500/K00950",4
"ko04013","Environmental Information Processing","Signal transduction","ko04013","MAPK signaling pathway - fly","4/300","84/14065",0.104693201806633,0.310029217138996,0.24138058014559,"K04371/K04392/K04623/K04662",4
"ko04218","Cellular Processes","Cell growth and death","ko04218","Cellular senescence","5/300","117/14065",0.105210677586471,0.310029217138996,0.24138058014559,"K01110/K04371/K04728/K04960/K04973",5
"ko04960","Organismal Systems","Excretory system","ko04960","Aldosterone-regulated sodium reabsorption","2/300","26/14065",0.105483313523623,0.310029217138996,0.24138058014559,"K00071/K04371",2
"ko05130","Human Diseases","Infectious disease: bacterial","ko05130","Pathogenic Escherichia coli infection","6/300","152/14065",0.106918153699981,0.311537378884429,0.242554795145148,"K04371/K04390/K04392/K04721/K04722/K04730",6
"ko04723","Organismal Systems","Nervous system","ko04723","Retrograde endocannabinoid signaling","5/300","119/14065",0.110961730250204,0.3205561096117,0.249576541273513,"K04371/K04540/K04630/K04960/K05200",5
"ko04061","Environmental Information Processing","Signaling molecules and interaction","ko04061","Viral protein interaction with cytokine and cytokine receptor","5/300","120/14065",0.113893421737041,0.326237089382373,0.253999602446569,"K04721/K04722/K05134/K05152/K05416",5
"ko04659","Organismal Systems","Immune system","ko04659","Th17 cell differentiation","4/300","87/14065",0.115145502931709,0.327051932696788,0.254634017982551,"K04371/K04723/K05132/K05133",4
"ko04722","Organismal Systems","Nervous system","ko04722","Neurotrophin signaling pathway","4/300","90/14065",0.126036030132786,0.350499073601438,0.272889344130674,"K04360/K04371/K04392/K04730",4
"ko00430","Metabolism","Metabolism of other amino acids","ko00430","Taurine and hypotaurine metabolism","2/300","29/14065",0.126511499938981,0.350499073601438,0.272889344130674,"K00260/K00625",2
"ko00626","Metabolism","Xenobiotics biodegradation and metabolism","ko00626","Naphthalene degradation","2/300","29/14065",0.126511499938981,0.350499073601438,0.272889344130674,"K00480/K04072",2
"ko04015","Environmental Information Processing","Signal transduction","ko04015","Rap1 signaling pathway","6/300","162/14065",0.133198819454551,0.36602602419218,0.284978218773108,"K04145/K04270/K04371/K04392/K04630/K05210",6
"ko04662","Organismal Systems","Immune system","ko04662","B cell receptor signaling pathway","3/300","60/14065",0.136103663909522,0.370992245172729,0.288844787583875,"K04012/K04371/K04392",3
"ko05231","Human Diseases","Cancer: overview","ko05231","Choline metabolism in cancer","3/300","61/14065",0.141022246029671,0.37579173001051,0.292581540026869,"K00901/K04371/K04392",3
"ko00785","Metabolism","Metabolism of cofactors and vitamins","ko00785","Lipoic acid metabolism","2/300","31/14065",0.141031922372059,0.37579173001051,0.292581540026869,"K00281/K00627",2
"ko04668","Environmental Information Processing","Signal transduction","ko04668","TNF signaling pathway","4/300","94/14065",0.141199851216967,0.37579173001051,0.292581540026869,"K04371/K04390/K04724/K04725",4
"ko00983","Metabolism","Xenobiotics biodegradation and metabolism","ko00983","Drug metabolism - other enzymes","2/300","32/14065",0.148420510746678,0.387508564821196,0.301703958907814,"K00760/K00940",2
"ko04148","Cellular Processes","Transport and catabolism","ko04148","Efferocytosis","5/300","131/14065",0.148487323734513,0.387508564821196,0.301703958907814,"K00460/K04261/K04371/K04392/K04550",5
"ko04270","Organismal Systems","Circulatory system","ko04270","Vascular smooth muscle contraction","4/300","96/14065",0.14904175570046,0.387508564821196,0.301703958907814,"K04136/K04137/K04371/K04960",4
"ko04216","Cellular Processes","Cell growth and death","ko04216","Ferroptosis","2/300","33/14065",0.155885477799943,0.402208332033442,0.313148810365495,"K00460/K00510",2
"ko00710","Metabolism","Energy metabolism","ko00710","Carbon fixation in photosynthetic organisms","2/300","34/14065",0.163420236070804,0.418454846908574,0.325797918801443,"K00051/K01100",2
"ko00020","Metabolism","Carbohydrate metabolism","ko00020","Citrate cycle (TCA cycle)","3/300","67/14065",0.171698471546674,0.429882099131672,0.334694876309306,"K00030/K00240/K00627",3
"ko04658","Organismal Systems","Immune system","ko04658","Th1 and Th2 cell differentiation","3/300","67/14065",0.171698471546674,0.429882099131672,0.334694876309306,"K04371/K05132/K05133",3
"ko05144","Human Diseases","Infectious disease: parasitic","ko05144","Malaria","3/300","67/14065",0.171698471546674,0.429882099131672,0.334694876309306,"K04011/K04550/K04659",3
"ko04068","Environmental Information Processing","Signal transduction","ko04068","FoxO signaling pathway","4/300","102/14065",0.173520217646326,0.431248776209252,0.335758935074161,"K01110/K04371/K04721/K04728",4
"ko01220","Metabolism","Global and overview maps","ko01220","Degradation of aromatic compounds","7/300","215/14065",0.176615242328361,0.435736875233474,0.339253250726779,"K00480/K01053/K04072/K04112/K04113/K04114/K04115",7
"ko04978","Organismal Systems","Digestive system","ko04978","Mineral absorption","2/300","36/14065",0.178673991764722,0.437621805916494,0.340720808094436,"K00510/K04975",2
"ko04727","Organismal Systems","Nervous system","ko04727","GABAergic synapse","3/300","69/14065",0.182318668828237,0.443336043625498,0.345169763022032,"K04540/K04630/K05034",3
"ko04930","Human Diseases","Endocrine and metabolic disease","ko04930","Type II diabetes mellitus","2/300","37/14065",0.186381007680747,0.449932483141307,0.350305577033095,"K04371/K05032",2
"ko00250","Metabolism","Amino acid metabolism","ko00250","Alanine, aspartate and glutamate metabolism","3/300","70/14065",0.187693728174332,0.449932483141307,0.350305577033095,"K00260/K00261/K00830",3
"ko00500","Metabolism","Carbohydrate metabolism","ko00500","Starch and sucrose metabolism","4/300","106/14065",0.190558004777522,0.453581729681708,0.353146784242999,"K00750/K01200/K01210/K01212",4
"ko00908","Metabolism","Metabolism of terpenoids and polyketides","ko00908","Zeatin biosynthesis","1/300","10/14065",0.194001014315791,0.458547852019143,0.357013276252836,"K00791",1
"ko04370","Environmental Information Processing","Signal transduction","ko04370","VEGF signaling pathway","2/300","39/14065",0.201927045146152,0.473967647634719,0.369018722854811,"K04371/K04392",2
"ko00400","Metabolism","Amino acid metabolism","ko00400","Phenylalanine, tyrosine and tryptophan biosynthesis","3/300","74/14065",0.209581115046456,0.482294736812652,0.375501975095494,"K00220/K00270/K00500",3
"ko05222","Human Diseases","Cancer: specific types","ko05222","Small cell lung cancer","3/300","74/14065",0.209581115046456,0.482294736812652,0.375501975095494,"K01110/K01522/K04725",3
"ko04215","Cellular Processes","Cell growth and death","ko04215","Apoptosis - multiple species","2/300","40/14065",0.209755403288343,0.482294736812652,0.375501975095494,"K04725/K04726",2
"ko00240","Metabolism","Nucleotide metabolism","ko00240","Pyrimidine metabolism","4/300","112/14065",0.217039437522028,0.494634364193434,0.385109283862841,"K00254/K00524/K00940/K00945",4
"ko05016","Human Diseases","Neurodegenerative disease","ko05016","Huntington disease","7/300","229/14065",0.218048876523141,0.494634364193434,0.385109283862841,"K03008/K03010/K03013/K03015/K03030/K05200/K05210",7
"ko04510","Cellular Processes","Cellular community - eukaryotes","ko04510","Focal adhesion","5/300","152/14065",0.224666040298882,0.506064878099144,0.39400878083085,"K01110/K04371/K04392/K04659/K04725",5
"ko00650","Metabolism","Carbohydrate metabolism","ko00650","Butanoate metabolism","4/300","114/14065",0.226082238440742,0.506064878099144,0.39400878083085,"K00100/K00240/K01040/K04072",4
"ko00625","Metabolism","Xenobiotics biodegradation and metabolism","ko00625","Chloroalkane and chloroalkene degradation","2/300","43/14065",0.233402123501365,0.519012616733298,0.404089548998208,"K00531/K04072",2
"ko00520","Metabolism","Carbohydrate metabolism","ko00520","Amino sugar and nucleotide sugar metabolism","5/300","156/14065",0.240356650650283,0.530983973331998,0.413410131837433,"K00523/K00770/K00790/K00965/K00983",5
"ko04640","Organismal Systems","Immune system","ko04640","Hematopoietic cell lineage","3/300","80/14065",0.243363868296429,0.53413628236489,0.415864436596769,"K04011/K04012/K04391",3
"ko05014","Human Diseases","Neurodegenerative disease","ko05014","Amyotrophic lateral sclerosis","8/300","280/14065",0.249212966575961,0.540053349874262,0.420471309462988,"K03030/K04392/K04726/K04960/K05210/K05211/K05212/K05410",8
"ko05213","Human Diseases","Cancer: specific types","ko05213","Endometrial cancer","2/300","45/14065",0.24925539224966,0.540053349874262,0.420471309462988,"K01110/K04371",2
"ko04610","Organismal Systems","Immune system","ko04610","Complement and coagulation cascades","3/300","82/14065",0.254819795015411,0.542326822236686,0.422241375145349,"K04010/K04011/K04012",3
"ko00140","Metabolism","Lipid metabolism","ko00140","Steroid hormone biosynthesis","2/300","46/14065",0.257195841770397,0.542326822236686,0.422241375145349,"K00071/K00513",2
"ko00410","Metabolism","Metabolism of other amino acids","ko00410","beta-Alanine metabolism","2/300","46/14065",0.257195841770397,0.542326822236686,0.422241375145349,"K00140/K00232",2
"ko00604","Metabolism","Glycan biosynthesis and metabolism","ko00604","Glycosphingolipid biosynthesis - ganglio series","1/300","14/14065",0.260651101581413,0.542326822236686,0.422241375145349,"K00780",1
"ko04964","Organismal Systems","Excretory system","ko04964","Proximal tubule bicarbonate reclamation","1/300","14/14065",0.260651101581413,0.542326822236686,0.422241375145349,"K00261",1
"ko05135","Human Diseases","Infectious disease: bacterial","ko05135","Yersinia infection","4/300","122/14065",0.263126821137141,0.542326822236686,0.422241375145349,"K04371/K04392/K04730/K05410",4
"ko00340","Metabolism","Amino acid metabolism","ko00340","Histidine metabolism","2/300","47/14065",0.265140205787812,0.542326822236686,0.422241375145349,"K00603/K01523",2
"ko04664","Organismal Systems","Immune system","ko04664","Fc epsilon RI signaling pathway","2/300","47/14065",0.265140205787812,0.542326822236686,0.422241375145349,"K04371/K04392",2
"ko05416","Human Diseases","Cardiovascular disease","ko05416","Viral myocarditis","2/300","47/14065",0.265140205787812,0.542326822236686,0.422241375145349,"K04392/K04726",2
"ko00350","Metabolism","Amino acid metabolism","ko00350","Tyrosine metabolism","3/300","84/14065",0.266349859441686,0.542326822236686,0.422241375145349,"K00270/K00450/K04072",3
"ko05131","Human Diseases","Infectious disease: bacterial","ko05131","Shigellosis","6/300","205/14065",0.273503214344541,0.553557403882963,0.430985210123764,"K04371/K04391/K04392/K04728/K04960/K05410",6
"ko03050","Genetic Information Processing","Folding, sorting and degradation","ko03050","Proteasome","2/300","49/14065",0.281025768548896,0.558105411822007,0.434526169279047,"K03030/K03420",2
"ko05110","Human Diseases","Infectious disease: bacterial","ko05110","Vibrio cholerae infection","2/300","49/14065",0.281025768548896,0.558105411822007,0.434526169279047,"K04926/K05031",2
"ko05230","Human Diseases","Cancer: overview","ko05230","Central carbon metabolism in cancer","2/300","49/14065",0.281025768548896,0.558105411822007,0.434526169279047,"K01110/K04371",2
"ko05205","Human Diseases","Cancer: overview","ko05205","Proteoglycans in cancer","5/300","167/14065",0.284874582364406,0.558105411822007,0.434526169279047,"K04371/K04390/K04392/K04660/K04960",5
"ko05012","Human Diseases","Neurodegenerative disease","ko05012","Parkinson disease","6/300","209/14065",0.28815527224512,0.558105411822007,0.434526169279047,"K03030/K04144/K04145/K04380/K04630/K04960",6
"ko00830","Metabolism","Metabolism of cofactors and vitamins","ko00830","Retinol metabolism","2/300","50/14065",0.288959902570566,0.558105411822007,0.434526169279047,"K00061/K00515",2
"ko04979","Organismal Systems","Digestive system","ko04979","Cholesterol metabolism","2/300","50/14065",0.288959902570566,0.558105411822007,0.434526169279047,"K00650/K04550",2
"ko05218","Human Diseases","Cancer: specific types","ko05218","Melanoma","2/300","50/14065",0.288959902570566,0.558105411822007,0.434526169279047,"K01110/K04371",2
"ko00603","Metabolism","Glycan biosynthesis and metabolism","ko00603","Glycosphingolipid biosynthesis - globo and isoglobo series","1/300","16/14065",0.291886535578616,0.560554824008934,0.43643321707329,"K00780",1
"ko04919","Organismal Systems","Endocrine system","ko04919","Thyroid hormone signaling pathway","3/300","91/14065",0.307099463991081,0.586438524457545,0.456585584286472,"K04371/K04650/K04662",3
"ko04140","Cellular Processes","Transport and catabolism","ko04140","Autophagy - animal","4/300","132/14065",0.310837707691931,0.590242388763329,0.4595471728148,"K01110/K04371/K04724/K05410",4
"ko05132","Human Diseases","Infectious disease: bacterial","ko05132","Salmonella infection","6/300","217/14065",0.317922790034785,0.591144681836423,0.460249674428856,"K04371/K04391/K04392/K04721/K04722/K04730",6
"ko05214","Human Diseases","Cancer: specific types","ko05214","Glioma","2/300","54/14065",0.320563234598515,0.591144681836423,0.460249674428856,"K01110/K04371",2
"ko05321","Human Diseases","Immune disease","ko05321","Inflammatory bowel disease","2/300","54/14065",0.320563234598515,0.591144681836423,0.460249674428856,"K05132/K05133",2
"ko00532","Metabolism","Glycan biosynthesis and metabolism","ko00532","Glycosaminoglycan biosynthesis - chondroitin sulfate / dermatan sulfate","1/300","18/14065",0.321806572360656,0.591144681836423,0.460249674428856,"K04742",1
"ko04744","Organismal Systems","Sensory system","ko04744","Phototransduction","1/300","18/14065",0.321806572360656,0.591144681836423,0.460249674428856,"K00909",1
"ko04745","Organismal Systems","Sensory system","ko04745","Phototransduction - fly","1/300","18/14065",0.321806572360656,0.591144681836423,0.460249674428856,"K00910",1
"ko05171","Human Diseases","Infectious disease: viral","ko05171","Coronavirus disease - COVID-19","6/300","219/14065",0.32544224936205,0.594591785320934,0.462933498381294,"K04010/K04371/K04730/K05130/K05131/K05410",6
"ko00513","Metabolism","Glycan biosynthesis and metabolism","ko00513","Various types of N-glycan biosynthesis","2/300","55/14065",0.328415964522529,0.596798903272123,0.464651902267302,"K00730/K01230",2
"ko04145","Cellular Processes","Transport and catabolism","ko04145","Phagosome","3/300","95/14065",0.330513998843013,0.597399634272397,0.465119615596697,"K04391/K04392/K04659",3
"ko05211","Human Diseases","Cancer: specific types","ko05211","Renal cell carcinoma","2/300","56/14065",0.336243990535026,0.601546901870502,0.468348568880802,"K04371/K04392",2
"ko04926","Organismal Systems","Endocrine system","ko04926","Relaxin signaling pathway","3/300","96/14065",0.336367942170192,0.601546901870502,0.468348568880802,"K04371/K04540/K04630",3
"ko00640","Metabolism","Carbohydrate metabolism","ko00640","Propanoate metabolism","3/300","97/14065",0.342219326515347,0.603043913274635,0.469514102518402,"K00140/K00232/K00625",3
"ko04917","Organismal Systems","Endocrine system","ko04917","Prolactin signaling pathway","2/300","57/14065",0.344044798614002,0.603043913274635,0.469514102518402,"K00965/K04371",2
"ko05221","Human Diseases","Cancer: specific types","ko05221","Acute myeloid leukemia","2/300","57/14065",0.344044798614002,0.603043913274635,0.469514102518402,"K04371/K04391",2
"ko00190","Metabolism","Energy metabolism","ko00190","Oxidative phosphorylation","6/300","224/14065",0.344341642786996,0.603043913274635,0.469514102518402,"K00240/K00330/K00333/K00340/K00405/K00410",6
"ko00860","Metabolism","Metabolism of cofactors and vitamins","ko00860","Porphyrin metabolism","4/300","142/14065",0.359287145829768,0.62322916893372,0.485229810754998,"K00230/K00510/K00643/K04720",4
"ko00071","Metabolism","Lipid metabolism","ko00071","Fatty acid degradation","2/300","59/14065",0.359555289769454,0.62322916893372,0.485229810754998,"K00232/K04072",2
"ko05223","Human Diseases","Cancer: specific types","ko05223","Non-small cell lung cancer","2/300","60/14065",0.367260518247382,0.633337016161302,0.493099514295626,"K01522/K04371",2
"ko00930","Metabolism","Xenobiotics biodegradation and metabolism","ko00930","Caprolactam degradation","1/300","22/14065",0.377919011810354,0.637708751389386,0.4965032321624,"K01053",1
"ko04973","Organismal Systems","Digestive system","ko04973","Carbohydrate digestion and absorption","1/300","22/14065",0.377919011810354,0.637708751389386,0.4965032321624,"K04626",1
"ko05330","Human Diseases","Immune disease","ko05330","Allograft rejection","1/300","22/14065",0.377919011810354,0.637708751389386,0.4965032321624,"K04390",1
"ko05332","Human Diseases","Immune disease","ko05332","Graft-versus-host disease","1/300","22/14065",0.377919011810354,0.637708751389386,0.4965032321624,"K04390",1
"ko00053","Metabolism","Carbohydrate metabolism","ko00053","Ascorbate and aldarate metabolism","2/300","62/14065",0.382560608986113,0.637708751389386,0.4965032321624,"K00062/K01053",2
"ko04976","Organismal Systems","Digestive system","ko04976","Bile secretion","2/300","62/14065",0.382560608986113,0.637708751389386,0.4965032321624,"K03460/K05031",2
"ko00630","Metabolism","Carbohydrate metabolism","ko00630","Glyoxylate and dicarboxylate metabolism","3/300","104/14065",0.383002593290075,0.637708751389386,0.4965032321624,"K00281/K00600/K00830",3
"ko05212","Human Diseases","Cancer: specific types","ko05212","Pancreatic cancer","2/300","63/14065",0.390151645405007,0.645016943084803,0.502193197668018,"K04371/K04392",2
"ko00633","Metabolism","Xenobiotics biodegradation and metabolism","ko00633","Nitrotoluene degradation","1/300","23/14065",0.391208500983386,0.645016943084803,0.502193197668018,"K00196",1
"ko04666","Organismal Systems","Immune system","ko04666","Fc gamma R-mediated phagocytosis","2/300","64/14065",0.3977009545755,0.649386099741638,0.505594907927155,"K04371/K04392",2
"ko04912","Organismal Systems","Endocrine system","ko04912","GnRH signaling pathway","2/300","64/14065",0.3977009545755,0.649386099741638,0.505594907927155,"K04371/K04960",2
"ko00010","Metabolism","Carbohydrate metabolism","ko00010","Glycolysis / Gluconeogenesis","3/300","107/14065",0.400322754690654,0.650524476372313,0.506481217979067,"K00627/K04022/K04072",3
"ko04914","Organismal Systems","Endocrine system","ko04914","Progesterone-mediated oocyte maturation","2/300","65/14065",0.405206862597998,0.655310619895327,0.510207583225885,"K04371/K04630",2
"ko04974","Organismal Systems","Digestive system","ko04974","Protein digestion and absorption","2/300","66/14065",0.412667785435138,0.656734007655194,0.511315795433817,"K04916/K04926",2
"ko00591","Metabolism","Lipid metabolism","ko00591","Linoleic acid metabolism","1/300","25/14065",0.416944555332946,0.656734007655194,0.511315795433817,"K00460",1
"ko04740","Organismal Systems","Sensory system","ko04740","Olfactory transduction","1/300","25/14065",0.416944555332946,0.656734007655194,0.511315795433817,"K00910",1
"ko04940","Human Diseases","Endocrine and metabolic disease","ko04940","Type I diabetes mellitus","1/300","25/14065",0.416944555332946,0.656734007655194,0.511315795433817,"K04390",1
"ko05320","Human Diseases","Immune disease","ko05320","Autoimmune thyroid disease","1/300","25/14065",0.416944555332946,0.656734007655194,0.511315795433817,"K04390",1
"ko01521","Human Diseases","Drug resistance: antineoplastic","ko01521","EGFR tyrosine kinase inhibitor resistance","2/300","67/14065",0.420082225862475,0.656734007655194,0.511315795433817,"K01110/K04371",2
"ko04916","Organismal Systems","Endocrine system","ko04916","Melanogenesis","2/300","67/14065",0.420082225862475,0.656734007655194,0.511315795433817,"K04371/K04630",2
"ko00904","Metabolism","Metabolism of terpenoids and polyketides","ko00904","Diterpenoid biosynthesis","2/300","68/14065",0.427448770507655,0.656734007655194,0.511315795433817,"K04120/K04122",2
"ko00592","Metabolism","Lipid metabolism","ko00592","alpha-Linolenic acid metabolism","1/300","26/14065",0.429403005005319,0.656734007655194,0.511315795433817,"K00232",1
"ko01523","Human Diseases","Drug resistance: antineoplastic","ko01523","Antifolate resistance","1/300","26/14065",0.429403005005319,0.656734007655194,0.511315795433817,"K00600",1
"ko02030","Cellular Processes","Cell motility","ko02030","Bacterial chemotaxis","1/300","26/14065",0.429403005005319,0.656734007655194,0.511315795433817,"K03410",1
"ko04341","Environmental Information Processing","Signal transduction","ko04341","Hedgehog signaling pathway - fly","1/300","26/14065",0.429403005005319,0.656734007655194,0.511315795433817,"K04662",1
"ko00280","Metabolism","Amino acid metabolism","ko00280","Valine, leucine and isoleucine degradation","2/300","69/14065",0.434766086975697,0.658972813442985,0.513058870634526,"K00020/K00140",2
"ko05134","Human Diseases","Infectious disease: bacterial","ko05134","Legionellosis","2/300","69/14065",0.434766086975697,0.658972813442985,0.513058870634526,"K04011/K04391",2
"ko00941","Metabolism","Biosynthesis of other secondary metabolites","ko00941","Flavonoid biosynthesis","1/300","27/14065",0.441596116943378,0.665700678930302,0.518297009444334,"K00660",1
"ko00920","Metabolism","Energy metabolism","ko00920","Sulfur metabolism","3/300","115/14065",0.445773833315287,0.665700678930302,0.518297009444334,"K00380/K00640/K00860",3
"ko05225","Human Diseases","Cancer: specific types","ko05225","Hepatocellular carcinoma","3/300","116/14065",0.451363757942953,0.665700678930302,0.518297009444334,"K00510/K01110/K04371",3
"ko04320","Organismal Systems","Development and regeneration","ko04320","Dorso-ventral axis formation","1/300","28/14065",0.453529523761798,0.665700678930302,0.518297009444334,"K04371",1
"ko04712","Organismal Systems","Environmental adaptation","ko04712","Circadian rhythm - plant","1/300","28/14065",0.453529523761798,0.665700678930302,0.518297009444334,"K00660",1
"ko05202","Human Diseases","Cancer: overview","ko05202","Transcriptional misregulation in cancer","4/300","162/14065",0.455325565105443,0.665700678930302,0.518297009444334,"K04391/K04650/K04728/K05230",4
"ko03440","Genetic Information Processing","Replication and repair","ko03440","Homologous recombination","2/300","72/14065",0.456410499987505,0.665700678930302,0.518297009444334,"K04066/K04728",2
"ko05210","Human Diseases","Cancer: specific types","ko05210","Colorectal cancer","2/300","72/14065",0.456410499987505,0.665700678930302,0.518297009444334,"K04371/K04392",2
"ko04150","Environmental Information Processing","Signal transduction","ko04150","mTOR signaling pathway","3/300","117/14065",0.456930643526125,0.665700678930302,0.518297009444334,"K01110/K04370/K04371",3
"ko00660","Metabolism","Carbohydrate metabolism","ko00660","C5-Branched dibasic acid metabolism","1/300","29/14065",0.465208738898327,0.673956154630385,0.524724505317958,"K00052",1
"ko00360","Metabolism","Amino acid metabolism","ko00360","Phenylalanine metabolism","2/300","74/14065",0.470572936369145,0.673956154630385,0.524724505317958,"K00270/K00500",2
"ko04146","Cellular Processes","Transport and catabolism","ko04146","Peroxisome","2/300","74/14065",0.470572936369145,0.673956154630385,0.524724505317958,"K00232/K00830",2
"ko05150","Human Diseases","Infectious disease: bacterial","ko05150","Staphylococcus aureus infection","2/300","74/14065",0.470572936369145,0.673956154630385,0.524724505317958,"K04010/K05230",2
"ko00720","Metabolism","Energy metabolism","ko00720","Carbon fixation pathways in prokaryotes","3/300","120/14065",0.47348573961143,0.675266582230647,0.525744769721774,"K00196/K00240/K00625",3
"ko00401","Metabolism","Biosynthesis of other secondary metabolites","ko00401","Novobiocin biosynthesis","1/300","30/14065",0.476639159127061,0.67539343376024,0.525843532980567,"K00220",1
"ko04670","Organismal Systems","Immune system","ko04670","Leukocyte transendothelial migration","2/300","75/14065",0.477571096652951,0.67539343376024,0.525843532980567,"K04392/K04630",2
"ko04933","Human Diseases","Endocrine and metabolic disease","ko04933","AGE-RAGE signaling pathway in diabetic complications","2/300","76/14065",0.484512744930138,0.678539961532454,0.528293336602658,"K04371/K04392",2
"ko00514","Metabolism","Glycan biosynthesis and metabolism","ko00514","Other types of O-glycan biosynthesis","1/300","31/14065",0.487826067018894,0.678539961532454,0.528293336602658,"K00710",1
"ko00565","Metabolism","Lipid metabolism","ko00565","Ether lipid metabolism","1/300","31/14065",0.487826067018894,0.678539961532454,0.528293336602658,"K01062",1
"ko00621","Metabolism","Xenobiotics biodegradation and metabolism","ko00621","Dioxin degradation","1/300","31/14065",0.487826067018894,0.678539961532454,0.528293336602658,"K00480",1
"ko01522","Human Diseases","Drug resistance: antineoplastic","ko01522","Endocrine resistance","2/300","77/14065",0.491397102733922,0.679781556743494,0.529260009921749,"K04371/K04650",2
"ko00052","Metabolism","Carbohydrate metabolism","ko00052","Galactose metabolism","2/300","78/14065",0.498223450215694,0.679781556743494,0.529260009921749,"K00965/K01220",2
"ko00940","Metabolism","Biosynthesis of other secondary metabolites","ko00940","Phenylpropanoid biosynthesis","1/300","32/14065",0.498774633350256,0.679781556743494,0.529260009921749,"K00430",1
"ko01040","Metabolism","Lipid metabolism","ko01040","Biosynthesis of unsaturated fatty acids","1/300","32/14065",0.498774633350256,0.679781556743494,0.529260009921749,"K00232",1
"ko03266","Genetic Information Processing","Information processing in viruses","ko03266","Virion - Herpesvirus","1/300","32/14065",0.498774633350256,0.679781556743494,0.529260009921749,"K05152",1
"ko04810","Cellular Processes","Cell motility","ko04810","Regulation of actin cytoskeleton","4/300","172/14065",0.501649828289349,0.680922976901105,0.530148689583545,"K00920/K04130/K04371/K04392",4
"ko00450","Metabolism","Metabolism of other amino acids","ko00450","Selenocompound metabolism","1/300","33/14065",0.509489919461203,0.680922976901105,0.530148689583545,"K00562",1
"ko00960","Metabolism","Biosynthesis of other secondary metabolites","ko00960","Tropane, piperidine and pyridine alkaloid biosynthesis","1/300","33/14065",0.509489919461203,0.680922976901105,0.530148689583545,"K00660",1
"ko04961","Organismal Systems","Excretory system","ko04961","Endocrine and other factor-regulated calcium reabsorption","1/300","33/14065",0.509489919461203,0.680922976901105,0.530148689583545,"K04974",1
"ko04932","Human Diseases","Endocrine and metabolic disease","ko04932","Non-alcoholic fatty liver disease","3/300","127/14065",0.511180352833017,0.680922976901105,0.530148689583545,"K04390/K04392/K04726",3
"ko04114","Cellular Processes","Cell growth and death","ko04114","Oocyte meiosis","2/300","80/14065",0.511699515186038,0.680922976901105,0.530148689583545,"K04371/K04960",2
"ko05208","Human Diseases","Cancer: overview","ko05208","Chemical carcinogenesis - reactive oxygen species","4/300","175/14065",0.515217391032043,0.681210020514003,0.530372174177828,"K00510/K01110/K04371/K04392",4
"ko05215","Human Diseases","Cancer: specific types","ko05215","Prostate cancer","2/300","81/14065",0.518348067204209,0.681210020514003,0.530372174177828,"K01110/K04371",2
"ko00100","Metabolism","Lipid metabolism","ko00100","Steroid biosynthesis","1/300","34/14065",0.519976879563943,0.681210020514003,0.530372174177828,"K00511",1
"ko05216","Human Diseases","Cancer: specific types","ko05216","Thyroid cancer","1/300","34/14065",0.519976879563943,0.681210020514003,0.530372174177828,"K04371",1
"ko04625","Organismal Systems","Immune system","ko04625","C-type lectin receptor signaling pathway","2/300","82/14065",0.524936274008929,0.685051971486556,0.533363415981436,"K04371/K04960",2
"ko04520","Cellular Processes","Cellular community - eukaryotes","ko04520","Adherens junction","2/300","83/14065",0.531463678123142,0.690902781560085,0.537918702553788,"K04371/K04392",2
"ko00460","Metabolism","Metabolism of other amino acids","ko00460","Cyanoamino acid metabolism","1/300","36/14065",0.540285116466761,0.697009043380783,0.542672877126115,"K00600",1
"ko00730","Metabolism","Metabolism of cofactors and vitamins","ko00730","Thiamine metabolism","1/300","36/14065",0.540285116466761,0.697009043380783,0.542672877126115,"K00941",1
"ko05146","Human Diseases","Infectious disease: parasitic","ko05146","Amoebiasis","2/300","87/14065",0.55695771760902,0.715785964075471,0.557292092864739,"K04072/K04391",2
"ko05219","Human Diseases","Cancer: specific types","ko05219","Bladder cancer","1/300","38/14065",0.559736919898733,0.716632874718832,0.557951475178163,"K04371",1
"ko00040","Metabolism","Carbohydrate metabolism","ko00040","Pentose and glucuronate interconversions","2/300","90/14065",0.575423985752745,0.733937008243124,0.57142401762934,"K00040/K01051",2
"ko00561","Metabolism","Lipid metabolism","ko00561","Glycerolipid metabolism","2/300","91/14065",0.581453750286716,0.738097129827022,0.574662978688121,"K00630/K00901",2
"ko05166","Human Diseases","Infectious disease: viral","ko05166","Human T-cell leukemia virus 1 infection","4/300","191/14065",0.584456944162111,0.738097129827022,0.574662978688121,"K01110/K04371/K04725/K04728",4
"ko05143","Human Diseases","Infectious disease: parasitic","ko05143","African trypanosomiasis","1/300","41/14065",0.587387151514261,0.738097129827022,0.574662978688121,"K04390",1
"ko04660","Organismal Systems","Immune system","ko04660","T cell receptor signaling pathway","2/300","92/14065",0.587420496814997,0.738097129827022,0.574662978688121,"K04350/K04371",2
"ko00624","Metabolism","Xenobiotics biodegradation and metabolism","ko00624","Polycyclic aromatic hydrocarbon degradation","1/300","43/14065",0.604852095586869,0.754503490159954,0.587436538586075,"K00480",1
"ko05414","Human Diseases","Cardiovascular disease","ko05414","Dilated cardiomyopathy","2/300","95/14065",0.60494214743594,0.754503490159954,0.587436538586075,"K04141/K04962",2
"ko00440","Metabolism","Metabolism of other amino acids","ko00440","Phosphonate and phosphinate metabolism","1/300","44/14065",0.613306265557197,0.761597463823554,0.592959719576109,"K03430",1
"ko00770","Metabolism","Metabolism of cofactors and vitamins","ko00770","Pantothenate and CoA biosynthesis","1/300","45/14065",0.62158014904146,0.761597463823554,0.592959719576109,"K00053",1
"ko04340","Environmental Information Processing","Signal transduction","ko04340","Hedgehog signaling pathway","1/300","45/14065",0.62158014904146,0.761597463823554,0.592959719576109,"K00910",1
"ko05322","Human Diseases","Immune disease","ko05322","Systemic lupus erythematosus","1/300","45/14065",0.62158014904146,0.761597463823554,0.592959719576109,"K05210",1
"ko00310","Metabolism","Amino acid metabolism","ko00310","Lysine degradation","2/300","98/14065",0.621896153891423,0.761597463823554,0.592959719576109,"K00290/K00471",2
"ko00541","Metabolism","Glycan biosynthesis and metabolism","ko00541","O-Antigen nucleotide sugar biosynthesis","2/300","99/14065",0.627421656347364,0.765590324351657,0.596068455583663,"K00523/K00983",2
"ko00300","Metabolism","Amino acid metabolism","ko00300","Lysine biosynthesis","1/300","48/14065",0.64535799689446,0.781831551793289,0.608713447363196,"K00290",1
"ko05217","Human Diseases","Cancer: specific types","ko05217","Basal cell carcinoma","1/300","48/14065",0.64535799689446,0.781831551793289,0.608713447363196,"K04662",1
"ko03060","Genetic Information Processing","Folding, sorting and degradation","ko03060","Protein export","1/300","49/14065",0.652948251651659,0.788201818065217,0.613673168845544,"K03070",1
"ko05224","Human Diseases","Cancer: specific types","ko05224","Breast cancer","2/300","105/14065",0.659263615816885,0.791805252569541,0.616478708011166,"K01110/K04371",2
"ko01250","Metabolism","Global and overview maps","ko01250","Biosynthesis of nucleotide sugars","4/300","211/14065",0.662427556212211,0.791805252569541,0.616478708011166,"K00523/K00790/K00965/K00983",4
"ko04530","Cellular Processes","Cellular community - eukaryotes","ko04530","Tight junction","2/300","106/14065",0.664354008480834,0.791805252569541,0.616478708011166,"K04392/K05031",2
"ko05415","Human Diseases","Cardiovascular disease","ko05415","Diabetic cardiomyopathy","3/300","160/14065",0.667171940045688,0.791805252569541,0.616478708011166,"K01110/K04392/K04962",3
"ko00590","Metabolism","Lipid metabolism","ko00590","Arachidonic acid metabolism","1/300","51/14065",0.667646440776093,0.791805252569541,0.616478708011166,"K00460",1
"ko04072","Environmental Information Processing","Signal transduction","ko04072","Phospholipase D signaling pathway","2/300","108/14065",0.674351402468053,0.796960748371335,0.620492641210943,"K00901/K04371",2
"ko00550","Metabolism","Glycan biosynthesis and metabolism","ko00550","Peptidoglycan biosynthesis","1/300","53/14065",0.681724125541401,0.800079008447895,0.622920436349965,"K00790",1
"ko04918","Organismal Systems","Endocrine system","ko04918","Thyroid hormone synthesis","1/300","53/14065",0.681724125541401,0.800079008447895,0.622920436349965,"K04960",1
"ko04016","Environmental Information Processing","Signal transduction","ko04016","MAPK signaling pathway - plant","1/300","54/14065",0.688538481974286,0.802503472094168,0.624808059867773,"K00940",1
"ko04920","Organismal Systems","Endocrine system","ko04920","Adipocytokine signaling pathway","1/300","54/14065",0.688538481974286,0.802503472094168,0.624808059867773,"K05231",1
"ko04622","Organismal Systems","Immune system","ko04622","RIG-I-like receptor signaling pathway","1/300","55/14065",0.695207417482652,0.803171176201169,0.625327916693529,"K05410",1
"ko04721","Organismal Systems","Nervous system","ko04721","Synaptic vesicle cycle","1/300","55/14065",0.695207417482652,0.803171176201169,0.625327916693529,"K05034",1
"ko00906","Metabolism","Metabolism of terpenoids and polyketides","ko00906","Carotenoid biosynthesis","1/300","56/14065",0.701734025245336,0.803171176201169,0.625327916693529,"K00514",1
"ko04390","Environmental Information Processing","Signal transduction","ko04390","Hippo signaling pathway","2/300","115/14065",0.707449835180888,0.803171176201169,0.625327916693529,"K04662/K04664",2
"ko00480","Metabolism","Metabolism of other amino acids","ko00480","Glutathione metabolism","1/300","57/14065",0.708121332863753,0.803171176201169,0.625327916693529,"K00310",1
"ko04212","Organismal Systems","Aging","ko04212","Longevity regulating pathway - worm","1/300","57/14065",0.708121332863753,0.803171176201169,0.625327916693529,"K01110",1
"ko04624","Organismal Systems","Immune system","ko04624","Toll and Imd signaling pathway","1/300","57/14065",0.708121332863753,0.803171176201169,0.625327916693529,"K04730",1
"ko04922","Organismal Systems","Endocrine system","ko04922","Glucagon signaling pathway","1/300","57/14065",0.708121332863753,0.803171176201169,0.625327916693529,"K04960",1
"ko00130","Metabolism","Metabolism of cofactors and vitamins","ko00130","Ubiquinone and other terpenoid-quinone biosynthesis","1/300","59/14065",0.720489838471357,0.814466773924142,0.634122371476287,"K00591",1
"ko03015","Genetic Information Processing","Translation","ko03015","mRNA surveillance pathway","1/300","63/14065",0.743681501609815,0.832332276636151,0.648031981186664,"K00565",1
"ko03320","Organismal Systems","Endocrine system","ko03320","PPAR signaling pathway","1/300","63/14065",0.743681501609815,0.832332276636151,0.648031981186664,"K00232",1
"ko05220","Human Diseases","Cancer: specific types","ko05220","Chronic myeloid leukemia","1/300","63/14065",0.743681501609815,0.832332276636151,0.648031981186664,"K04371",1
"ko04310","Environmental Information Processing","Signal transduction","ko04310","Wnt signaling pathway","2/300","126/14065",0.753764127705788,0.840832591302166,0.654650102228407,"K04392/K04510",2
"ko00970","Genetic Information Processing","Translation","ko00970","Aminoacyl-tRNA biosynthesis","1/300","66/14065",0.75980742270034,0.842016094664639,0.655571546764745,"K00604",1
"ko04512","Environmental Information Processing","Signaling molecules and interaction","ko04512","ECM-receptor interaction","1/300","66/14065",0.75980742270034,0.842016094664639,0.655571546764745,"K04659",1
"ko04260","Organismal Systems","Circulatory system","ko04260","Cardiac muscle contraction","1/300","67/14065",0.76495477416758,0.844950044668765,0.657855842937376,"K04962",1
"ko05206","Human Diseases","Cancer: overview","ko05206","MicroRNAs in cancer","4/300","245/14065",0.770794050248964,0.848626674215472,0.660718369834531,"K00510/K01110/K04371/K04728",4
"ko04012","Environmental Information Processing","Signal transduction","ko04012","ErbB signaling pathway","1/300","69/14065",0.774921972651863,0.850401385572499,0.662100113338912,"K04371",1
"ko00543","Metabolism","Glycan biosynthesis and metabolism","ko00543","Exopolysaccharide biosynthesis","1/300","73/14065",0.793610178470887,0.867318157574816,0.675271066314868,"K00640",1
"ko03070","Environmental Information Processing","Membrane transport","ko03070","Bacterial secretion system","1/300","74/14065",0.798035346170911,0.867318157574816,0.675271066314868,"K03070",1
"ko04931","Human Diseases","Endocrine and metabolic disease","ko04931","Insulin resistance","1/300","74/14065",0.798035346170911,0.867318157574816,0.675271066314868,"K01110",1
"ko00909","Metabolism","Metabolism of terpenoids and polyketides","ko00909","Sesquiterpenoid and triterpenoid biosynthesis","1/300","75/14065",0.80236594413737,0.868255246930546,0.676000659397809,"K00511",1
"ko05100","Human Diseases","Infectious disease: bacterial","ko05100","Bacterial invasion of epithelial cells","1/300","76/14065",0.806603986793466,0.868255246930546,0.676000659397809,"K04392",1
"ko05412","Human Diseases","Cardiovascular disease","ko05412","Arrhythmogenic right ventricular cardiomyopathy","1/300","76/14065",0.806603986793466,0.868255246930546,0.676000659397809,"K04962",1
"ko04141","Genetic Information Processing","Folding, sorting and degradation","ko04141","Protein processing in endoplasmic reticulum","2/300","144/14065",0.815943214222434,0.875520020340263,0.681656820570121,"K00730/K01230",2
"ko03018","Genetic Information Processing","Folding, sorting and degradation","ko03018","RNA degradation","1/300","79/14065",0.818782291020324,0.875786121407815,0.681863999850369,"K00970",1
"ko00380","Metabolism","Amino acid metabolism","ko00380","Tryptophan metabolism","1/300","80/14065",0.822669414765062,0.877168019528678,0.682939909318497,"K00562",1
"ko01212","Metabolism","Global and overview maps","ko01212","Fatty acid metabolism","1/300","84/14065",0.837404363593232,0.88601652625708,0.689829123526223,"K00232",1
"ko04137","Cellular Processes","Transport and catabolism","ko04137","Mitophagy - animal","1/300","85/14065",0.840893290774552,0.88601652625708,0.689829123526223,"K05410",1
"ko04152","Environmental Information Processing","Signal transduction","ko04152","AMPK signaling pathway","1/300","85/14065",0.840893290774552,0.88601652625708,0.689829123526223,"K05031",1
"ko04820",NA,NA,"ko04820","Cytoskeleton in muscle cells","2/300","153/14065",0.841453564877287,0.88601652625708,0.689829123526223,"K04659/K04660",2
"ko05410","Human Diseases","Cardiovascular disease","ko05410","Hypertrophic cardiomyopathy","1/300","87/14065",0.847648875516574,0.888283278834585,0.691593957361091,"K04962",1
"ko04910","Organismal Systems","Endocrine system","ko04910","Insulin signaling pathway","1/300","88/14065",0.850918680735133,0.888283278834585,0.691593957361091,"K04371",1
"ko00030","Metabolism","Carbohydrate metabolism","ko00030","Pentose phosphate pathway","1/300","89/14065",0.854118537340947,0.888283278834585,0.691593957361091,"K01053",1
"ko00627","Metabolism","Xenobiotics biodegradation and metabolism","ko00627","Aminobenzoate degradation","1/300","89/14065",0.854118537340947,0.888283278834585,0.691593957361091,"K04110",1
"ko04011","Environmental Information Processing","Signal transduction","ko04011","MAPK signaling pathway - yeast","1/300","91/14065",0.860314338869331,0.889254576568299,0.692350184185845,"K04371",1
"ko05120","Human Diseases","Infectious disease: bacterial","ko05120","Epithelial cell signaling in Helicobacter pylori infection","1/300","91/14065",0.860314338869331,0.889254576568299,0.692350184185845,"K04392",1
"ko04144","Cellular Processes","Transport and catabolism","ko04144","Endocytosis","2/300","169/14065",0.879028959863013,0.905828623273471,0.705254300275203,"K00909/K00910",2
"ko05203","Human Diseases","Cancer: overview","ko05203","Viral carcinogenesis","2/300","174/14065",0.888974335789297,0.913292782664992,0.711065698119739,"K04371/K04392",2
"ko04113","Cellular Processes","Cell growth and death","ko04113","Meiosis - yeast","1/300","103/14065",0.892352278892997,0.913985061411615,0.711604688112438,"K04630",1
"ko05111","Cellular Processes","Cellular community - prokaryotes","ko05111","Biofilm formation - Vibrio cholerae","1/300","106/14065",0.899143769376335,0.918158894408463,0.714854324516088,"K00640",1
"ko05226","Human Diseases","Cancer: specific types","ko05226","Gastric cancer","1/300","108/14065",0.903432442896102,0.919759535237598,0.716100541293676,"K04371",1
"ko00051","Metabolism","Carbohydrate metabolism","ko00051","Fructose and mannose metabolism","1/300","114/14065",0.91523816017546,0.928980474892809,0.72327972196575,"K00900",1
"ko00270","Metabolism","Amino acid metabolism","ko00270","Cysteine and methionine metabolism","1/300","125/14065",0.933271227453707,0.943077797244989,0.734255525727958,"K00640",1
"ko04111","Cellular Processes","Cell growth and death","ko04111","Cell cycle - yeast","1/300","126/14065",0.93470728425169,0.943077797244989,0.734255525727958,"K04371",1
"ko04110","Cellular Processes","Cell growth and death","ko04110","Cell cycle","1/300","133/14065",0.943933077860536,0.94673406622214,0.737102200422096,"K04728",1
"ko04120","Genetic Information Processing","Folding, sorting and degradation","ko04120","Ubiquitin mediated proteolysis","1/300","133/14065",0.943933077860536,0.94673406622214,0.737102200422096,"K04725",1
"ko02024","Cellular Processes","Cellular community - prokaryotes","ko02024","Quorum sensing","1/300","283/14065",0.997896699322469,0.997896699322469,0.776936078575576,"K03070",1
